{"cameraMode":{"drawMode":0,"name":"Shaded","section":"Shading Mode"},"sceneLighting":false,"audioPlay":false,"sceneViewState":{"showFog":true,"showMaterialUpdate":true,"showSkybox":false,"showFlares":true,"showImageEffects":true,"showParticleSystems":true},"in2DMode":false,"pivot":{"x":0.006261646747589111,"y":-0.001156449317932129,"z":-0.002009868621826172},"rotation":{"x":-0.057655028998851779,"y":0.19401615858078004,"z":-0.011423221789300442,"w":-0.9792363047599793},"size":12.507919311523438,"orthographic":false}