{"cameraMode":{"drawMode":0,"name":"Shaded","section":"Shading Mode"},"sceneLighting":true,"audioPlay":false,"sceneViewState":{"showFog":true,"showMaterialUpdate":true,"showSkybox":true,"showFlares":true,"showImageEffects":true,"showParticleSystems":true},"in2DMode":false,"pivot":{"x":-12.972116470336914,"y":-2.9088053703308107,"z":13.18571949005127},"rotation":{"x":-0.10850045830011368,"y":0.5638700723648071,"z":-0.07504391670227051,"w":-0.8152586221694946},"size":14.45339298248291,"orthographic":false}