{"cameraMode":{"drawMode":0,"name":"Shaded","section":"Shading Mode"},"sceneLighting":true,"audioPlay":false,"sceneViewState":{"showFog":true,"showMaterialUpdate":true,"showSkybox":true,"showFlares":true,"showImageEffects":true,"showParticleSystems":true},"in2DMode":false,"pivot":{"x":0.4108455181121826,"y":1.862011194229126,"z":-0.18564355373382569},"rotation":{"x":-0.057655028998851779,"y":0.19401615858078004,"z":-0.011423221789300442,"w":-0.9792363047599793},"size":3.06766414642334,"orthographic":false}